{
    "average_coverage": {
        "file_coverage": 0.7,
        "function_coverage": 0.3489795918367347,
        "line_coverage": 0.38571428571428573
    }
}