{
    "average_coverage": {
        "file_coverage": 0.8,
        "function_coverage": 0.3516483516483517,
        "line_coverage": 0.45714285714285713
    }
}