{
    "average_coverage": {
        "file_coverage": 0.7619047619047619,
        "line_coverage": 0.391156462585034
    }
}