{
    "average_coverage": {
        "file_coverage": 0.6966666666666667,
        "function_coverage": 0.4033333333333333,
        "line_coverage": 0.31666666666666665
    }
}