{
    "average_coverage": {
        "file_coverage": 0.7033333333333334,
        "function_coverage": 0.5066666666666667,
        "line_coverage": 0.3566666666666667
    }
}