{
    "average_coverage": {
        "file_coverage": 0.7033333333333334,
        "line_coverage": 0.3566666666666667
    }
}