{
    "average_coverage": {
        "file_coverage": 0.6533333333333333,
        "line_coverage": 0.24666666666666667
    }
}