{
    "average_coverage": {
        "file_coverage": 0.6733333333333333,
        "line_coverage": 0.3233333333333333
    }
}